,child_mort,exports,health,imports,income,inflation,life_expec,total_fer,gdpp
count,167.0,167.0,167.0,167.0,167.0,167.0,167.0,167.0,167.0
mean,38.27005988023952,41.108976047904186,6.8156886227544895,46.89021497005987,17144.688622754493,7.781832335329342,70.55568862275449,2.947964071856287,12964.155688622754
std,40.32893145927617,27.41201011142416,2.7468374978890795,24.209588976108698,19278.067697657672,10.570703901430559,8.893171908900408,1.5138475432630463,18328.704808675564
min,2.6,0.109,1.81,0.0659,609.0,-4.21,32.1,1.15,231.0
25%,8.25,23.8,4.92,30.2,3355.0,1.81,65.3,1.795,1330.0
50%,19.3,35.0,6.32,43.3,9960.0,5.39,73.1,2.41,4660.0
75%,62.1,51.349999999999994,8.600000000000001,58.75,22800.0,10.75,76.8,3.88,14050.0
max,208.0,200.0,17.9,174.0,125000.0,104.0,82.8,7.49,105000.0
